MSE,RMSE,R2_Score,Model
0.2133013414077369,0.4618455817778675,0.8302723286066052,LinearRegression
0.21327930975718426,0.4618217294121015,0.8302898595828314,Ridge
0.2791785673059585,0.5283735111698528,0.7778526481874917,Lasso
0.3933762110679344,0.6271971070309034,0.6869835517888809,KNeighborsRegressor
0.3372101246055764,0.5806979633213607,0.7316759058248239,DecisionTreeRegressor
1.2595701723933876,1.1223057392677753,-0.0022623904096654712,SVR_RBF
0.13230587643451708,0.3637387475022658,0.894721860768953,RandomForestRegressor
0.11317926181618852,0.33642125648684645,0.9099412482298235,GradientBoostingRegressor
