Accuracy,Precision,Recall,F1-score,Model
0.8562800696079435,0.8500424439215981,0.8562800696079435,0.851189265575906,LogisticRegression
0.7336472515098782,0.6771719133905981,0.7336472515098782,0.6926824546156237,KNeighborsClassifier
0.7655850138192241,0.5861204133845815,0.7655850138192241,0.6639390443360363,SVC_RBF
0.8568942573446617,0.8502819548136246,0.8568942573446617,0.847392038393698,DecisionTree
0.8651857917903573,0.860079112427295,0.8651857917903573,0.861162505510627,RandomForest
0.8598628314054663,0.8534627487061044,0.8598628314054663,0.853676037021415,AdaBoostClassifier
0.8722489507626164,0.8671884218706527,0.8722489507626164,0.8661862778272588,GradientBoosting
